"","Quarter_Year","gender","top_ofnse_typ_desc","Count"
"1",2010 Q1,"F","ALCOHOL & DRUG",98.46
"2",2010 Q1,"F","DRIVING",28.55
"3",2010 Q1,"F","DRUG POSSESSION ONLY",68.04
"4",2010 Q1,"F","MURDER",41.6
"5",2010 Q1,"F","OTHER",17.14
"6",2010 Q1,"F","PERSON",82.91
"7",2010 Q1,"F","PROPERTY",205.29
"8",2010 Q1,"F","SEX OFFENSE",23.61
"9",2010 Q1,"F","WEAPONS",1
"10",2010 Q1,"M","ALCOHOL & DRUG",490.26
"11",2010 Q1,"M","DRIVING",277.99
"12",2010 Q1,"M","DRUG POSSESSION ONLY",252.97
"13",2010 Q1,"M","MURDER",617.05
"14",2010 Q1,"M","OTHER",78.49
"15",2010 Q1,"M","PERSON",1083.3
"16",2010 Q1,"M","PROPERTY",1149.35
"17",2010 Q1,"M","SEX OFFENSE",1985.69
"18",2010 Q1,"M","WEAPONS",71.98
"19",2010 Q2,"F","ALCOHOL & DRUG",89.09
"20",2010 Q2,"F","DRIVING",23.03
"21",2010 Q2,"F","DRUG POSSESSION ONLY",67.03
"22",2010 Q2,"F","MURDER",41.07
"23",2010 Q2,"F","OTHER",9.84
"24",2010 Q2,"F","PERSON",86.6
"25",2010 Q2,"F","PROPERTY",201.96
"26",2010 Q2,"F","SEX OFFENSE",24.53
"27",2010 Q2,"F","WEAPONS",1
"28",2010 Q2,"M","ALCOHOL & DRUG",497.8
"29",2010 Q2,"M","DRIVING",296.11
"30",2010 Q2,"M","DRUG POSSESSION ONLY",239.41
"31",2010 Q2,"M","MURDER",616.2
"32",2010 Q2,"M","OTHER",77.42
"33",2010 Q2,"M","PERSON",1105.64
"34",2010 Q2,"M","PROPERTY",1193.9
"35",2010 Q2,"M","SEX OFFENSE",2012.5
"36",2010 Q2,"M","WEAPONS",76.63
"37",2010 Q3,"F","ALCOHOL & DRUG",94.99
"38",2010 Q3,"F","DRIVING",21.59
"39",2010 Q3,"F","DRUG POSSESSION ONLY",72.04
"40",2010 Q3,"F","MURDER",42.03
"41",2010 Q3,"F","OTHER",8.7
"42",2010 Q3,"F","PERSON",85.46
"43",2010 Q3,"F","PROPERTY",219.07
"44",2010 Q3,"F","SEX OFFENSE",25.54
"45",2010 Q3,"F","WEAPONS",2.64
"46",2010 Q3,"M","ALCOHOL & DRUG",499.52
"47",2010 Q3,"M","DRIVING",304.8
"48",2010 Q3,"M","DRUG POSSESSION ONLY",232.44
"49",2010 Q3,"M","MURDER",618.87
"50",2010 Q3,"M","OTHER",81.41
"51",2010 Q3,"M","PERSON",1126.61
"52",2010 Q3,"M","PROPERTY",1189.21
"53",2010 Q3,"M","SEX OFFENSE",2029.75
"54",2010 Q3,"M","WEAPONS",77.5
"55",2010 Q4,"F","ALCOHOL & DRUG",106.31
"56",2010 Q4,"F","DRIVING",22.48
"57",2010 Q4,"F","DRUG POSSESSION ONLY",62.46
"58",2010 Q4,"F","MURDER",42.28
"59",2010 Q4,"F","OTHER",12.85
"60",2010 Q4,"F","PERSON",88.89
"61",2010 Q4,"F","PROPERTY",231.63
"62",2010 Q4,"F","SEX OFFENSE",25.7
"63",2010 Q4,"F","WEAPONS",3
"64",2010 Q4,"M","ALCOHOL & DRUG",497.48
"65",2010 Q4,"M","DRIVING",315.48
"66",2010 Q4,"M","DRUG POSSESSION ONLY",219.62
"67",2010 Q4,"M","MURDER",624.86
"68",2010 Q4,"M","OTHER",90.58
"69",2010 Q4,"M","PERSON",1144.28
"70",2010 Q4,"M","PROPERTY",1216.48
"71",2010 Q4,"M","SEX OFFENSE",2045.98
"72",2010 Q4,"M","WEAPONS",78.52
"73",2011 Q1,"F","ALCOHOL & DRUG",103.9
"74",2011 Q1,"F","DRIVING",23.49
"75",2011 Q1,"F","DRUG POSSESSION ONLY",59.38
"76",2011 Q1,"F","MURDER",42.57
"77",2011 Q1,"F","OTHER",11.19
"78",2011 Q1,"F","PERSON",92.8
"79",2011 Q1,"F","PROPERTY",238.52
"80",2011 Q1,"F","SEX OFFENSE",29.87
"81",2011 Q1,"F","WEAPONS",2.12
"82",2011 Q1,"M","ALCOHOL & DRUG",488.08
"83",2011 Q1,"M","DRIVING",303.08
"84",2011 Q1,"M","DRUG POSSESSION ONLY",213.89
"85",2011 Q1,"M","MURDER",629.29
"86",2011 Q1,"M","OTHER",91.08
"87",2011 Q1,"M","PERSON",1146.03
"88",2011 Q1,"M","PROPERTY",1225.85
"89",2011 Q1,"M","SEX OFFENSE",2059.74
"90",2011 Q1,"M","WEAPONS",79.82
"91",2011 Q2,"F","ALCOHOL & DRUG",100.53
"92",2011 Q2,"F","DRIVING",26.66
"93",2011 Q2,"F","DRUG POSSESSION ONLY",64.65
"94",2011 Q2,"F","MURDER",43.08
"95",2011 Q2,"F","OTHER",10.86
"96",2011 Q2,"F","PERSON",93.9
"97",2011 Q2,"F","PROPERTY",221.61
"98",2011 Q2,"F","SEX OFFENSE",34.29
"99",2011 Q2,"F","WEAPONS",1
"100",2011 Q2,"M","ALCOHOL & DRUG",476.01
"101",2011 Q2,"M","DRIVING",294.5
"102",2011 Q2,"M","DRUG POSSESSION ONLY",218.35
"103",2011 Q2,"M","MURDER",629.55
"104",2011 Q2,"M","OTHER",93.18
"105",2011 Q2,"M","PERSON",1159.77
"106",2011 Q2,"M","PROPERTY",1227.01
"107",2011 Q2,"M","SEX OFFENSE",2061.92
"108",2011 Q2,"M","WEAPONS",75.16
"109",2011 Q3,"F","ALCOHOL & DRUG",92.26
"110",2011 Q3,"F","DRIVING",23.02
"111",2011 Q3,"F","DRUG POSSESSION ONLY",60.35
"112",2011 Q3,"F","MURDER",41.95
"113",2011 Q3,"F","OTHER",10.38
"114",2011 Q3,"F","PERSON",93.16
"115",2011 Q3,"F","PROPERTY",214.71
"116",2011 Q3,"F","SEX OFFENSE",36.71
"117",2011 Q3,"M","ALCOHOL & DRUG",453.36
"118",2011 Q3,"M","DRIVING",282.39
"119",2011 Q3,"M","DRUG POSSESSION ONLY",216.19
"120",2011 Q3,"M","MURDER",637.15
"121",2011 Q3,"M","OTHER",90.13
"122",2011 Q3,"M","PERSON",1156.83
"123",2011 Q3,"M","PROPERTY",1219.6
"124",2011 Q3,"M","SEX OFFENSE",2080.06
"125",2011 Q3,"M","WEAPONS",74.71
"126",2011 Q4,"F","ALCOHOL & DRUG",91.48
"127",2011 Q4,"F","DRIVING",22.99
"128",2011 Q4,"F","DRUG POSSESSION ONLY",65
"129",2011 Q4,"F","MURDER",42.58
"130",2011 Q4,"F","OTHER",9.38
"131",2011 Q4,"F","PERSON",92.8
"132",2011 Q4,"F","PROPERTY",221
"133",2011 Q4,"F","SEX OFFENSE",36.37
"134",2011 Q4,"M","ALCOHOL & DRUG",465.79
"135",2011 Q4,"M","DRIVING",263.74
"136",2011 Q4,"M","DRUG POSSESSION ONLY",214.75
"137",2011 Q4,"M","MURDER",643.89
"138",2011 Q4,"M","OTHER",92.52
"139",2011 Q4,"M","PERSON",1169.47
"140",2011 Q4,"M","PROPERTY",1233.79
"141",2011 Q4,"M","SEX OFFENSE",2086.11
"142",2011 Q4,"M","WEAPONS",75.85
"143",2012 Q1,"F","ALCOHOL & DRUG",89.76
"144",2012 Q1,"F","DRIVING",21.23
"145",2012 Q1,"F","DRUG POSSESSION ONLY",69.12
"146",2012 Q1,"F","MURDER",40.37
"147",2012 Q1,"F","OTHER",10.75
"148",2012 Q1,"F","PERSON",99.37
"149",2012 Q1,"F","PROPERTY",241.25
"150",2012 Q1,"F","SEX OFFENSE",38.54
"151",2012 Q1,"F","WEAPONS",1
"152",2012 Q1,"M","ALCOHOL & DRUG",467.18
"153",2012 Q1,"M","DRIVING",258.58
"154",2012 Q1,"M","DRUG POSSESSION ONLY",220.28
"155",2012 Q1,"M","MURDER",649.61
"156",2012 Q1,"M","OTHER",89.17
"157",2012 Q1,"M","PERSON",1165.9
"158",2012 Q1,"M","PROPERTY",1239.83
"159",2012 Q1,"M","SEX OFFENSE",2096.22
"160",2012 Q1,"M","WEAPONS",77.97
"161",2012 Q2,"F","ALCOHOL & DRUG",87.38
"162",2012 Q2,"F","DRIVING",19.99
"163",2012 Q2,"F","DRUG POSSESSION ONLY",68.38
"164",2012 Q2,"F","MURDER",41.79
"165",2012 Q2,"F","OTHER",13.56
"166",2012 Q2,"F","PERSON",108.36
"167",2012 Q2,"F","PROPERTY",229.24
"168",2012 Q2,"F","SEX OFFENSE",40.1
"169",2012 Q2,"F","WEAPONS",1
"170",2012 Q2,"M","ALCOHOL & DRUG",473.97
"171",2012 Q2,"M","DRIVING",268.47
"172",2012 Q2,"M","DRUG POSSESSION ONLY",231.3
"173",2012 Q2,"M","MURDER",659.55
"174",2012 Q2,"M","OTHER",82.57
"175",2012 Q2,"M","PERSON",1141.11
"176",2012 Q2,"M","PROPERTY",1224.69
"177",2012 Q2,"M","SEX OFFENSE",2101.45
"178",2012 Q2,"M","WEAPONS",75
"179",2012 Q3,"F","ALCOHOL & DRUG",94.52
"180",2012 Q3,"F","DRIVING",23.09
"181",2012 Q3,"F","DRUG POSSESSION ONLY",73.25
"182",2012 Q3,"F","MURDER",43.85
"183",2012 Q3,"F","OTHER",13.27
"184",2012 Q3,"F","PERSON",111.13
"185",2012 Q3,"F","PROPERTY",221.57
"186",2012 Q3,"F","SEX OFFENSE",39.34
"187",2012 Q3,"F","WEAPONS",1
"188",2012 Q3,"M","ALCOHOL & DRUG",473.69
"189",2012 Q3,"M","DRIVING",264.85
"190",2012 Q3,"M","DRUG POSSESSION ONLY",231.11
"191",2012 Q3,"M","MURDER",658.88
"192",2012 Q3,"M","OTHER",81.46
"193",2012 Q3,"M","PERSON",1141.95
"194",2012 Q3,"M","PROPERTY",1215.62
"195",2012 Q3,"M","SEX OFFENSE",2115.06
"196",2012 Q3,"M","WEAPONS",74.8
"197",2012 Q4,"F","ALCOHOL & DRUG",97.98
"198",2012 Q4,"F","DRIVING",30.6
"199",2012 Q4,"F","DRUG POSSESSION ONLY",83.25
"200",2012 Q4,"F","MURDER",42.73
"201",2012 Q4,"F","OTHER",11.59
"202",2012 Q4,"F","PERSON",110.86
"203",2012 Q4,"F","PROPERTY",219.78
"204",2012 Q4,"F","SEX OFFENSE",40.43
"205",2012 Q4,"F","WEAPONS",1.58
"206",2012 Q4,"M","ALCOHOL & DRUG",478.84
"207",2012 Q4,"M","DRIVING",261.21
"208",2012 Q4,"M","DRUG POSSESSION ONLY",237.62
"209",2012 Q4,"M","MURDER",664.94
"210",2012 Q4,"M","OTHER",82.94
"211",2012 Q4,"M","PERSON",1157.96
"212",2012 Q4,"M","PROPERTY",1221.44
"213",2012 Q4,"M","SEX OFFENSE",2139.15
"214",2012 Q4,"M","WEAPONS",75.43
"215",2013 Q1,"F","ALCOHOL & DRUG",100.15
"216",2013 Q1,"F","DRIVING",28.29
"217",2013 Q1,"F","DRUG POSSESSION ONLY",88.62
"218",2013 Q1,"F","MURDER",41.01
"219",2013 Q1,"F","OTHER",8.59
"220",2013 Q1,"F","PERSON",113.35
"221",2013 Q1,"F","PROPERTY",228.73
"222",2013 Q1,"F","SEX OFFENSE",41.31
"223",2013 Q1,"F","WEAPONS",2
"224",2013 Q1,"M","ALCOHOL & DRUG",476.69
"225",2013 Q1,"M","DRIVING",247.12
"226",2013 Q1,"M","DRUG POSSESSION ONLY",240.24
"227",2013 Q1,"M","MURDER",665.59
"228",2013 Q1,"M","OTHER",94.57
"229",2013 Q1,"M","PERSON",1161.7
"230",2013 Q1,"M","PROPERTY",1201.76
"231",2013 Q1,"M","SEX OFFENSE",2143.83
"232",2013 Q1,"M","WEAPONS",71.24
"233",2013 Q2,"F","ALCOHOL & DRUG",115.84
"234",2013 Q2,"F","DRIVING",29.2
"235",2013 Q2,"F","DRUG POSSESSION ONLY",87.86
"236",2013 Q2,"F","MURDER",42
"237",2013 Q2,"F","OTHER",10.34
"238",2013 Q2,"F","PERSON",120.69
"239",2013 Q2,"F","PROPERTY",236.26
"240",2013 Q2,"F","SEX OFFENSE",41.11
"241",2013 Q2,"F","WEAPONS",2.67
"242",2013 Q2,"M","ALCOHOL & DRUG",472.75
"243",2013 Q2,"M","DRIVING",246.17
"244",2013 Q2,"M","DRUG POSSESSION ONLY",251.31
"245",2013 Q2,"M","MURDER",665.35
"246",2013 Q2,"M","OTHER",103.45
"247",2013 Q2,"M","PERSON",1176.48
"248",2013 Q2,"M","PROPERTY",1227.51
"249",2013 Q2,"M","SEX OFFENSE",2152.26
"250",2013 Q2,"M","WEAPONS",76.78
"251",2013 Q3,"F","ALCOHOL & DRUG",115.12
"252",2013 Q3,"F","DRIVING",28.46
"253",2013 Q3,"F","DRUG POSSESSION ONLY",88.71
"254",2013 Q3,"F","MURDER",41.78
"255",2013 Q3,"F","OTHER",8.97
"256",2013 Q3,"F","PERSON",120.27
"257",2013 Q3,"F","PROPERTY",224.59
"258",2013 Q3,"F","SEX OFFENSE",42.67
"259",2013 Q3,"F","WEAPONS",2
"260",2013 Q3,"M","ALCOHOL & DRUG",479.66
"261",2013 Q3,"M","DRIVING",254.36
"262",2013 Q3,"M","DRUG POSSESSION ONLY",265.71
"263",2013 Q3,"M","MURDER",669.46
"264",2013 Q3,"M","OTHER",100.72
"265",2013 Q3,"M","PERSON",1186.67
"266",2013 Q3,"M","PROPERTY",1257.9
"267",2013 Q3,"M","SEX OFFENSE",2164.74
"268",2013 Q3,"M","WEAPONS",82.08
"269",2013 Q4,"F","ALCOHOL & DRUG",109.21
"270",2013 Q4,"F","DRIVING",27.12
"271",2013 Q4,"F","DRUG POSSESSION ONLY",90.91
"272",2013 Q4,"F","MURDER",42.36
"273",2013 Q4,"F","OTHER",9.7
"274",2013 Q4,"F","PERSON",121.74
"275",2013 Q4,"F","PROPERTY",229.75
"276",2013 Q4,"F","SEX OFFENSE",46.54
"277",2013 Q4,"F","WEAPONS",3.09
"278",2013 Q4,"M","ALCOHOL & DRUG",486.09
"279",2013 Q4,"M","DRIVING",244.12
"280",2013 Q4,"M","DRUG POSSESSION ONLY",282.36
"281",2013 Q4,"M","MURDER",666.53
"282",2013 Q4,"M","OTHER",89.09
"283",2013 Q4,"M","PERSON",1187.9
"284",2013 Q4,"M","PROPERTY",1252.62
"285",2013 Q4,"M","SEX OFFENSE",2174.9
"286",2013 Q4,"M","WEAPONS",80.51
"287",2014 Q1,"F","ALCOHOL & DRUG",108.57
"288",2014 Q1,"F","DRIVING",23.58
"289",2014 Q1,"F","DRUG POSSESSION ONLY",85.69
"290",2014 Q1,"F","MURDER",43.77
"291",2014 Q1,"F","OTHER",13.07
"292",2014 Q1,"F","PERSON",115.96
"293",2014 Q1,"F","PROPERTY",207.17
"294",2014 Q1,"F","SEX OFFENSE",47.87
"295",2014 Q1,"F","WEAPONS",4.62
"296",2014 Q1,"M","ALCOHOL & DRUG",475.87
"297",2014 Q1,"M","DRIVING",226.19
"298",2014 Q1,"M","DRUG POSSESSION ONLY",276.28
"299",2014 Q1,"M","MURDER",671
"300",2014 Q1,"M","OTHER",83.43
"301",2014 Q1,"M","PERSON",1186.75
"302",2014 Q1,"M","PROPERTY",1213.5
"303",2014 Q1,"M","SEX OFFENSE",2173.98
"304",2014 Q1,"M","WEAPONS",80.67
"305",2014 Q2,"F","ALCOHOL & DRUG",110.12
"306",2014 Q2,"F","DRIVING",23.63
"307",2014 Q2,"F","DRUG POSSESSION ONLY",74.5
"308",2014 Q2,"F","MURDER",45.09
"309",2014 Q2,"F","OTHER",15.44
"310",2014 Q2,"F","PERSON",112.93
"311",2014 Q2,"F","PROPERTY",204.36
"312",2014 Q2,"F","SEX OFFENSE",49.64
"313",2014 Q2,"F","WEAPONS",3.63
"314",2014 Q2,"M","ALCOHOL & DRUG",465.72
"315",2014 Q2,"M","DRIVING",232.18
"316",2014 Q2,"M","DRUG POSSESSION ONLY",277.84
"317",2014 Q2,"M","MURDER",680.65
"318",2014 Q2,"M","OTHER",84.64
"319",2014 Q2,"M","PERSON",1174.04
"320",2014 Q2,"M","PROPERTY",1208.92
"321",2014 Q2,"M","SEX OFFENSE",2178.97
"322",2014 Q2,"M","WEAPONS",89.34
"323",2014 Q3,"F","ALCOHOL & DRUG",98.66
"324",2014 Q3,"F","DRIVING",26.72
"325",2014 Q3,"F","DRUG POSSESSION ONLY",73.98
"326",2014 Q3,"F","MURDER",47.08
"327",2014 Q3,"F","OTHER",18.38
"328",2014 Q3,"F","PERSON",111.04
"329",2014 Q3,"F","PROPERTY",201.85
"330",2014 Q3,"F","SEX OFFENSE",53.93
"331",2014 Q3,"F","WEAPONS",3.22
"332",2014 Q3,"M","ALCOHOL & DRUG",469.81
"333",2014 Q3,"M","DRIVING",232.83
"334",2014 Q3,"M","DRUG POSSESSION ONLY",266.28
"335",2014 Q3,"M","MURDER",676.67
"336",2014 Q3,"M","OTHER",86.42
"337",2014 Q3,"M","PERSON",1163.4
"338",2014 Q3,"M","PROPERTY",1220.75
"339",2014 Q3,"M","SEX OFFENSE",2174.06
"340",2014 Q3,"M","WEAPONS",82.5
"341",2014 Q4,"F","ALCOHOL & DRUG",105.16
"342",2014 Q4,"F","DRIVING",31.77
"343",2014 Q4,"F","DRUG POSSESSION ONLY",66.28
"344",2014 Q4,"F","MURDER",48.87
"345",2014 Q4,"F","OTHER",19.67
"346",2014 Q4,"F","PERSON",113.17
"347",2014 Q4,"F","PROPERTY",203.68
"348",2014 Q4,"F","SEX OFFENSE",53.32
"349",2014 Q4,"F","WEAPONS",6.71
"350",2014 Q4,"M","ALCOHOL & DRUG",473.92
"351",2014 Q4,"M","DRIVING",240.64
"352",2014 Q4,"M","DRUG POSSESSION ONLY",262.09
"353",2014 Q4,"M","MURDER",684.17
"354",2014 Q4,"M","OTHER",92.47
"355",2014 Q4,"M","PERSON",1157.64
"356",2014 Q4,"M","PROPERTY",1197.61
"357",2014 Q4,"M","SEX OFFENSE",2171.95
"358",2014 Q4,"M","WEAPONS",81.11
"359",2015 Q1,"F","ALCOHOL & DRUG",97.61
"360",2015 Q1,"F","DRIVING",27.72
"361",2015 Q1,"F","DRUG POSSESSION ONLY",59.91
"362",2015 Q1,"F","MURDER",49.98
"363",2015 Q1,"F","OTHER",19.14
"364",2015 Q1,"F","PERSON",108.54
"365",2015 Q1,"F","PROPERTY",208
"366",2015 Q1,"F","SEX OFFENSE",49.31
"367",2015 Q1,"F","WEAPONS",6.61
"368",2015 Q1,"M","ALCOHOL & DRUG",467.38
"369",2015 Q1,"M","DRIVING",220.05
"370",2015 Q1,"M","DRUG POSSESSION ONLY",241.46
"371",2015 Q1,"M","MURDER",685.4
"372",2015 Q1,"M","OTHER",98.05
"373",2015 Q1,"M","PERSON",1135.46
"374",2015 Q1,"M","PROPERTY",1154.38
"375",2015 Q1,"M","SEX OFFENSE",2165.28
"376",2015 Q1,"M","WEAPONS",71.38
"377",2015 Q2,"F","ALCOHOL & DRUG",90.48
"378",2015 Q2,"F","DRIVING",20.5
"379",2015 Q2,"F","DRUG POSSESSION ONLY",56.81
"380",2015 Q2,"F","MURDER",51.37
"381",2015 Q2,"F","OTHER",17.95
"382",2015 Q2,"F","PERSON",99.29
"383",2015 Q2,"F","PROPERTY",190.67
"384",2015 Q2,"F","SEX OFFENSE",49.48
"385",2015 Q2,"F","WEAPONS",5.52
"386",2015 Q2,"M","ALCOHOL & DRUG",472.16
"387",2015 Q2,"M","DRIVING",204.67
"388",2015 Q2,"M","DRUG POSSESSION ONLY",223.8
"389",2015 Q2,"M","MURDER",694.66
"390",2015 Q2,"M","OTHER",100.51
"391",2015 Q2,"M","PERSON",1133.28
"392",2015 Q2,"M","PROPERTY",1138.17
"393",2015 Q2,"M","SEX OFFENSE",2161.96
"394",2015 Q2,"M","WEAPONS",67.47
"395",2015 Q3,"F","ALCOHOL & DRUG",86.05
"396",2015 Q3,"F","DRIVING",17.72
"397",2015 Q3,"F","DRUG POSSESSION ONLY",54.55
"398",2015 Q3,"F","MURDER",54.16
"399",2015 Q3,"F","OTHER",19.14
"400",2015 Q3,"F","PERSON",97.27
"401",2015 Q3,"F","PROPERTY",183.8
"402",2015 Q3,"F","SEX OFFENSE",48.66
"403",2015 Q3,"F","WEAPONS",3.08
"404",2015 Q3,"M","ALCOHOL & DRUG",472.54
"405",2015 Q3,"M","DRIVING",192.24
"406",2015 Q3,"M","DRUG POSSESSION ONLY",218.82
"407",2015 Q3,"M","MURDER",701.46
"408",2015 Q3,"M","OTHER",97.97
"409",2015 Q3,"M","PERSON",1146.64
"410",2015 Q3,"M","PROPERTY",1106.33
"411",2015 Q3,"M","SEX OFFENSE",2150.25
"412",2015 Q3,"M","WEAPONS",69.86
"413",2015 Q4,"F","ALCOHOL & DRUG",79.89
"414",2015 Q4,"F","DRIVING",15.93
"415",2015 Q4,"F","DRUG POSSESSION ONLY",50.26
"416",2015 Q4,"F","MURDER",53.04
"417",2015 Q4,"F","OTHER",16.84
"418",2015 Q4,"F","PERSON",95.68
"419",2015 Q4,"F","PROPERTY",169.61
"420",2015 Q4,"F","SEX OFFENSE",47.99
"421",2015 Q4,"F","WEAPONS",3
"422",2015 Q4,"M","ALCOHOL & DRUG",446.66
"423",2015 Q4,"M","DRIVING",182.92
"424",2015 Q4,"M","DRUG POSSESSION ONLY",206.05
"425",2015 Q4,"M","MURDER",703.01
"426",2015 Q4,"M","OTHER",87.63
"427",2015 Q4,"M","PERSON",1136.2
"428",2015 Q4,"M","PROPERTY",1079.9
"429",2015 Q4,"M","SEX OFFENSE",2134.81
"430",2015 Q4,"M","WEAPONS",73.08
"431",2016 Q1,"F","ALCOHOL & DRUG",77.31
"432",2016 Q1,"F","DRIVING",11.99
"433",2016 Q1,"F","DRUG POSSESSION ONLY",47.3
"434",2016 Q1,"F","MURDER",53.26
"435",2016 Q1,"F","OTHER",14.9
"436",2016 Q1,"F","PERSON",86.7
"437",2016 Q1,"F","PROPERTY",155.19
"438",2016 Q1,"F","SEX OFFENSE",47.44
"439",2016 Q1,"F","WEAPONS",2.77
"440",2016 Q1,"M","ALCOHOL & DRUG",430.14
"441",2016 Q1,"M","DRIVING",169.07
"442",2016 Q1,"M","DRUG POSSESSION ONLY",169.5
"443",2016 Q1,"M","MURDER",708.34
"444",2016 Q1,"M","OTHER",81.32
"445",2016 Q1,"M","PERSON",1136.54
"446",2016 Q1,"M","PROPERTY",1029.16
"447",2016 Q1,"M","SEX OFFENSE",2130.19
"448",2016 Q1,"M","WEAPONS",74.73
"449",2016 Q2,"F","ALCOHOL & DRUG",74.44
"450",2016 Q2,"F","DRIVING",9.08
"451",2016 Q2,"F","DRUG POSSESSION ONLY",38.09
"452",2016 Q2,"F","MURDER",51.36
"453",2016 Q2,"F","OTHER",14.21
"454",2016 Q2,"F","PERSON",92.59
"455",2016 Q2,"F","PROPERTY",146.72
"456",2016 Q2,"F","SEX OFFENSE",46.11
"457",2016 Q2,"F","WEAPONS",1
"458",2016 Q2,"M","ALCOHOL & DRUG",417.7
"459",2016 Q2,"M","DRIVING",164.36
"460",2016 Q2,"M","DRUG POSSESSION ONLY",150.6
"461",2016 Q2,"M","MURDER",699.64
"462",2016 Q2,"M","OTHER",75.63
"463",2016 Q2,"M","PERSON",1137.8
"464",2016 Q2,"M","PROPERTY",988.39
"465",2016 Q2,"M","SEX OFFENSE",2144.32
"466",2016 Q2,"M","WEAPONS",84.4
"467",2016 Q3,"F","ALCOHOL & DRUG",68.07
"468",2016 Q3,"F","DRIVING",11.37
"469",2016 Q3,"F","DRUG POSSESSION ONLY",31.44
"470",2016 Q3,"F","MURDER",52.65
"471",2016 Q3,"F","OTHER",12.9
"472",2016 Q3,"F","PERSON",92.88
"473",2016 Q3,"F","PROPERTY",120.25
"474",2016 Q3,"F","SEX OFFENSE",45.42
"475",2016 Q3,"F","WEAPONS",2
"476",2016 Q3,"M","ALCOHOL & DRUG",399.87
"477",2016 Q3,"M","DRIVING",166.8
"478",2016 Q3,"M","DRUG POSSESSION ONLY",138.91
"479",2016 Q3,"M","MURDER",699.6
"480",2016 Q3,"M","OTHER",72.17
"481",2016 Q3,"M","PERSON",1157.96
"482",2016 Q3,"M","PROPERTY",954.58
"483",2016 Q3,"M","SEX OFFENSE",2145.61
"484",2016 Q3,"M","WEAPONS",81.28
"485",2016 Q4,"F","ALCOHOL & DRUG",66.3
"486",2016 Q4,"F","DRIVING",10.7
"487",2016 Q4,"F","DRUG POSSESSION ONLY",30.03
"488",2016 Q4,"F","MURDER",53.54
"489",2016 Q4,"F","OTHER",13.05
"490",2016 Q4,"F","PERSON",91.56
"491",2016 Q4,"F","PROPERTY",109.76
"492",2016 Q4,"F","SEX OFFENSE",46.39
"493",2016 Q4,"F","WEAPONS",1.71
"494",2016 Q4,"M","ALCOHOL & DRUG",399.49
"495",2016 Q4,"M","DRIVING",169.66
"496",2016 Q4,"M","DRUG POSSESSION ONLY",121.63
"497",2016 Q4,"M","MURDER",707.8
"498",2016 Q4,"M","OTHER",76.3
"499",2016 Q4,"M","PERSON",1195.33
"500",2016 Q4,"M","PROPERTY",897.56
"501",2016 Q4,"M","SEX OFFENSE",2156.9
"502",2016 Q4,"M","WEAPONS",89.55
"503",2017 Q1,"F","ALCOHOL & DRUG",63.5
"504",2017 Q1,"F","DRIVING",9.27
"505",2017 Q1,"F","DRUG POSSESSION ONLY",33.73
"506",2017 Q1,"F","MURDER",55.19
"507",2017 Q1,"F","OTHER",9.69
"508",2017 Q1,"F","PERSON",89.07
"509",2017 Q1,"F","PROPERTY",106.17
"510",2017 Q1,"F","SEX OFFENSE",47.63
"511",2017 Q1,"F","WEAPONS",3.76
"512",2017 Q1,"M","ALCOHOL & DRUG",385.29
"513",2017 Q1,"M","DRIVING",178.22
"514",2017 Q1,"M","DRUG POSSESSION ONLY",96.03
"515",2017 Q1,"M","MURDER",715.53
"516",2017 Q1,"M","OTHER",71.93
"517",2017 Q1,"M","PERSON",1199.71
"518",2017 Q1,"M","PROPERTY",880.1
"519",2017 Q1,"M","SEX OFFENSE",2175.24
"520",2017 Q1,"M","WEAPONS",87.54
"521",2017 Q2,"F","ALCOHOL & DRUG",69.9
"522",2017 Q2,"F","DRIVING",12.03
"523",2017 Q2,"F","DRUG POSSESSION ONLY",35.29
"524",2017 Q2,"F","MURDER",58.08
"525",2017 Q2,"F","OTHER",13.04
"526",2017 Q2,"F","PERSON",88.24
"527",2017 Q2,"F","PROPERTY",118.82
"528",2017 Q2,"F","SEX OFFENSE",48.15
"529",2017 Q2,"F","WEAPONS",3.69
"530",2017 Q2,"M","ALCOHOL & DRUG",408.41
"531",2017 Q2,"M","DRIVING",179.16
"532",2017 Q2,"M","DRUG POSSESSION ONLY",93.11
"533",2017 Q2,"M","MURDER",730.84
"534",2017 Q2,"M","OTHER",74.66
"535",2017 Q2,"M","PERSON",1217.3
"536",2017 Q2,"M","PROPERTY",882.1
"537",2017 Q2,"M","SEX OFFENSE",2190.71
"538",2017 Q2,"M","WEAPONS",93.8
"539",2017 Q3,"F","ALCOHOL & DRUG",76.21
"540",2017 Q3,"F","DRIVING",12.39
"541",2017 Q3,"F","DRUG POSSESSION ONLY",30.17
"542",2017 Q3,"F","MURDER",58.04
"543",2017 Q3,"F","OTHER",18.72
"544",2017 Q3,"F","PERSON",93.05
"545",2017 Q3,"F","PROPERTY",133.14
"546",2017 Q3,"F","SEX OFFENSE",46.92
"547",2017 Q3,"F","WEAPONS",2.12
"548",2017 Q3,"M","ALCOHOL & DRUG",407.3
"549",2017 Q3,"M","DRIVING",157.32
"550",2017 Q3,"M","DRUG POSSESSION ONLY",90.28
"551",2017 Q3,"M","MURDER",729.16
"552",2017 Q3,"M","OTHER",72.37
"553",2017 Q3,"M","PERSON",1223.99
"554",2017 Q3,"M","PROPERTY",885.67
"555",2017 Q3,"M","SEX OFFENSE",2201.98
"556",2017 Q3,"M","WEAPONS",106.61
"557",2017 Q4,"F","ALCOHOL & DRUG",77.82
"558",2017 Q4,"F","DRIVING",12.35
"559",2017 Q4,"F","DRUG POSSESSION ONLY",25.64
"560",2017 Q4,"F","MURDER",58.09
"561",2017 Q4,"F","OTHER",18.81
"562",2017 Q4,"F","PERSON",93.03
"563",2017 Q4,"F","PROPERTY",140.85
"564",2017 Q4,"F","SEX OFFENSE",44.32
"565",2017 Q4,"F","WEAPONS",2.66
"566",2017 Q4,"M","ALCOHOL & DRUG",407.79
"567",2017 Q4,"M","DRIVING",153.45
"568",2017 Q4,"M","DRUG POSSESSION ONLY",96.77
"569",2017 Q4,"M","MURDER",724.56
"570",2017 Q4,"M","OTHER",73.71
"571",2017 Q4,"M","PERSON",1244.11
"572",2017 Q4,"M","PROPERTY",889.71
"573",2017 Q4,"M","SEX OFFENSE",2193.7
"574",2017 Q4,"M","WEAPONS",110.81
"575",2018 Q1,"F","ALCOHOL & DRUG",78.56
"576",2018 Q1,"F","DRIVING",13.66
"577",2018 Q1,"F","DRUG POSSESSION ONLY",32.26
"578",2018 Q1,"F","MURDER",55.62
"579",2018 Q1,"F","OTHER",15.93
"580",2018 Q1,"F","PERSON",94.65
"581",2018 Q1,"F","PROPERTY",156.07
"582",2018 Q1,"F","SEX OFFENSE",43.64
"583",2018 Q1,"F","WEAPONS",4
"584",2018 Q1,"M","ALCOHOL & DRUG",421.92
"585",2018 Q1,"M","DRIVING",156.18
"586",2018 Q1,"M","DRUG POSSESSION ONLY",108.68
"587",2018 Q1,"M","MURDER",719.3
"588",2018 Q1,"M","OTHER",76.13
"589",2018 Q1,"M","PERSON",1250.58
"590",2018 Q1,"M","PROPERTY",915.12
"591",2018 Q1,"M","SEX OFFENSE",2208.34
"592",2018 Q1,"M","WEAPONS",109.76
"593",2018 Q2,"F","ALCOHOL & DRUG",89.72
"594",2018 Q2,"F","DRIVING",16.95
"595",2018 Q2,"F","DRUG POSSESSION ONLY",40.28
"596",2018 Q2,"F","MURDER",55.29
"597",2018 Q2,"F","OTHER",15.92
"598",2018 Q2,"F","PERSON",99.8
"599",2018 Q2,"F","PROPERTY",177.72
"600",2018 Q2,"F","SEX OFFENSE",44.41
"601",2018 Q2,"F","WEAPONS",3.56
"602",2018 Q2,"M","ALCOHOL & DRUG",429.15
"603",2018 Q2,"M","DRIVING",161.41
"604",2018 Q2,"M","DRUG POSSESSION ONLY",105.6
"605",2018 Q2,"M","MURDER",723.62
"606",2018 Q2,"M","OTHER",81.47
"607",2018 Q2,"M","PERSON",1233.76
"608",2018 Q2,"M","PROPERTY",901.01
"609",2018 Q2,"M","SEX OFFENSE",2200.45
"610",2018 Q2,"M","WEAPONS",92.11
"611",2018 Q3,"F","ALCOHOL & DRUG",89.97
"612",2018 Q3,"F","DRIVING",18.71
"613",2018 Q3,"F","DRUG POSSESSION ONLY",43.67
"614",2018 Q3,"F","MURDER",56.23
"615",2018 Q3,"F","OTHER",15.58
"616",2018 Q3,"F","PERSON",103.62
"617",2018 Q3,"F","PROPERTY",180.94
"618",2018 Q3,"F","SEX OFFENSE",44.75
"619",2018 Q3,"F","WEAPONS",5.04
"620",2018 Q3,"M","ALCOHOL & DRUG",455.6
"621",2018 Q3,"M","DRIVING",175.02
"622",2018 Q3,"M","DRUG POSSESSION ONLY",102.22
"623",2018 Q3,"M","MURDER",729.42
"624",2018 Q3,"M","OTHER",88.35
"625",2018 Q3,"M","PERSON",1246.18
"626",2018 Q3,"M","PROPERTY",934.93
"627",2018 Q3,"M","SEX OFFENSE",2194.81
"628",2018 Q3,"M","WEAPONS",93.95
"629",2018 Q4,"F","ALCOHOL & DRUG",93.21
"630",2018 Q4,"F","DRIVING",21.45
"631",2018 Q4,"F","DRUG POSSESSION ONLY",36.17
"632",2018 Q4,"F","MURDER",56.36
"633",2018 Q4,"F","OTHER",18.27
"634",2018 Q4,"F","PERSON",107.28
"635",2018 Q4,"F","PROPERTY",189.38
"636",2018 Q4,"F","SEX OFFENSE",45.18
"637",2018 Q4,"F","WEAPONS",7.35
"638",2018 Q4,"M","ALCOHOL & DRUG",467.06
"639",2018 Q4,"M","DRIVING",191
"640",2018 Q4,"M","DRUG POSSESSION ONLY",97.09
"641",2018 Q4,"M","MURDER",731.56
"642",2018 Q4,"M","OTHER",91.89
"643",2018 Q4,"M","PERSON",1243.01
"644",2018 Q4,"M","PROPERTY",949.61
"645",2018 Q4,"M","SEX OFFENSE",2186.08
"646",2018 Q4,"M","WEAPONS",101.24
"647",2019 Q1,"F","ALCOHOL & DRUG",97.72
"648",2019 Q1,"F","DRIVING",20.97
"649",2019 Q1,"F","DRUG POSSESSION ONLY",29.68
"650",2019 Q1,"F","MURDER",56.01
"651",2019 Q1,"F","OTHER",22.24
"652",2019 Q1,"F","PERSON",113.41
"653",2019 Q1,"F","PROPERTY",189.24
"654",2019 Q1,"F","SEX OFFENSE",46.29
"655",2019 Q1,"F","WEAPONS",7.94
"656",2019 Q1,"M","ALCOHOL & DRUG",475.51
"657",2019 Q1,"M","DRIVING",189.73
"658",2019 Q1,"M","DRUG POSSESSION ONLY",105.03
"659",2019 Q1,"M","MURDER",727.91
"660",2019 Q1,"M","OTHER",89.77
"661",2019 Q1,"M","PERSON",1268.13
"662",2019 Q1,"M","PROPERTY",956.69
"663",2019 Q1,"M","SEX OFFENSE",2199.15
"664",2019 Q1,"M","WEAPONS",111.92
"665",2019 Q2,"F","ALCOHOL & DRUG",97.79
"666",2019 Q2,"F","DRIVING",22.68
"667",2019 Q2,"F","DRUG POSSESSION ONLY",33.98
"668",2019 Q2,"F","MURDER",56.08
"669",2019 Q2,"F","OTHER",20.17
"670",2019 Q2,"F","PERSON",117.77
"671",2019 Q2,"F","PROPERTY",194.76
"672",2019 Q2,"F","SEX OFFENSE",44.89
"673",2019 Q2,"F","WEAPONS",7.74
"674",2019 Q2,"M","ALCOHOL & DRUG",477.58
"675",2019 Q2,"M","DRIVING",176.38
"676",2019 Q2,"M","DRUG POSSESSION ONLY",94.74
"677",2019 Q2,"M","MURDER",735.85
"678",2019 Q2,"M","OTHER",86.31
"679",2019 Q2,"M","PERSON",1294.23
"680",2019 Q2,"M","PROPERTY",983.78
"681",2019 Q2,"M","SEX OFFENSE",2217.99
"682",2019 Q2,"M","WEAPONS",117.4
"683",2019 Q3,"F","ALCOHOL & DRUG",83.73
"684",2019 Q3,"F","DRIVING",23.25
"685",2019 Q3,"F","DRUG POSSESSION ONLY",39.94
"686",2019 Q3,"F","MURDER",56.42
"687",2019 Q3,"F","OTHER",18.28
"688",2019 Q3,"F","PERSON",121.25
"689",2019 Q3,"F","PROPERTY",210.59
"690",2019 Q3,"F","SEX OFFENSE",41.91
"691",2019 Q3,"F","WEAPONS",6.82
"692",2019 Q3,"M","ALCOHOL & DRUG",454.36
"693",2019 Q3,"M","DRIVING",171
"694",2019 Q3,"M","DRUG POSSESSION ONLY",91.78
"695",2019 Q3,"M","MURDER",739.33
"696",2019 Q3,"M","OTHER",87.89
"697",2019 Q3,"M","PERSON",1314.63
"698",2019 Q3,"M","PROPERTY",972.94
"699",2019 Q3,"M","SEX OFFENSE",2231.58
"700",2019 Q3,"M","WEAPONS",128.19
"701",2019 Q4,"F","ALCOHOL & DRUG",85.28
"702",2019 Q4,"F","DRIVING",21.04
"703",2019 Q4,"F","DRUG POSSESSION ONLY",35.11
"704",2019 Q4,"F","MURDER",53.68
"705",2019 Q4,"F","OTHER",20.27
"706",2019 Q4,"F","PERSON",118.91
"707",2019 Q4,"F","PROPERTY",213.55
"708",2019 Q4,"F","SEX OFFENSE",40.18
"709",2019 Q4,"F","WEAPONS",4.7
"710",2019 Q4,"M","ALCOHOL & DRUG",459.91
"711",2019 Q4,"M","DRIVING",160.76
"712",2019 Q4,"M","DRUG POSSESSION ONLY",91.72
"713",2019 Q4,"M","MURDER",744.86
"714",2019 Q4,"M","OTHER",97.6
"715",2019 Q4,"M","PERSON",1328.43
"716",2019 Q4,"M","PROPERTY",944.98
"717",2019 Q4,"M","SEX OFFENSE",2230.11
"718",2019 Q4,"M","WEAPONS",126.86
"719",2020 Q1,"F","ALCOHOL & DRUG",83.75
"720",2020 Q1,"F","DRIVING",21.63
"721",2020 Q1,"F","DRUG POSSESSION ONLY",27.36
"722",2020 Q1,"F","MURDER",53.87
"723",2020 Q1,"F","OTHER",22.23
"724",2020 Q1,"F","PERSON",110.24
"725",2020 Q1,"F","PROPERTY",198.01
"726",2020 Q1,"F","SEX OFFENSE",39.21
"727",2020 Q1,"F","WEAPONS",4.91
"728",2020 Q1,"M","ALCOHOL & DRUG",441.03
"729",2020 Q1,"M","DRIVING",154.55
"730",2020 Q1,"M","DRUG POSSESSION ONLY",91.09
"731",2020 Q1,"M","MURDER",738.33
"732",2020 Q1,"M","OTHER",95.61
"733",2020 Q1,"M","PERSON",1298.59
"734",2020 Q1,"M","PROPERTY",903.55
"735",2020 Q1,"M","SEX OFFENSE",2213.79
"736",2020 Q1,"M","WEAPONS",136.77
"737",2020 Q2,"F","ALCOHOL & DRUG",58.42
"738",2020 Q2,"F","DRIVING",15.24
"739",2020 Q2,"F","DRUG POSSESSION ONLY",19.29
"740",2020 Q2,"F","MURDER",57.53
"741",2020 Q2,"F","OTHER",22.03
"742",2020 Q2,"F","PERSON",92.82
"743",2020 Q2,"F","PROPERTY",138.76
"744",2020 Q2,"F","SEX OFFENSE",39.99
"745",2020 Q2,"F","WEAPONS",3.85
"746",2020 Q2,"M","ALCOHOL & DRUG",346.23
"747",2020 Q2,"M","DRIVING",139.4
"748",2020 Q2,"M","DRUG POSSESSION ONLY",73.11
"749",2020 Q2,"M","MURDER",729.03
"750",2020 Q2,"M","OTHER",87.93
"751",2020 Q2,"M","PERSON",1188.72
"752",2020 Q2,"M","PROPERTY",745.65
"753",2020 Q2,"M","SEX OFFENSE",2125.68
"754",2020 Q2,"M","WEAPONS",123.4
"755",2020 Q3,"F","ALCOHOL & DRUG",46.64
"756",2020 Q3,"F","DRIVING",14.29
"757",2020 Q3,"F","DRUG POSSESSION ONLY",16.42
"758",2020 Q3,"F","MURDER",56.15
"759",2020 Q3,"F","OTHER",14.18
"760",2020 Q3,"F","PERSON",87.28
"761",2020 Q3,"F","PROPERTY",101.18
"762",2020 Q3,"F","SEX OFFENSE",38.04
"763",2020 Q3,"F","WEAPONS",3
"764",2020 Q3,"M","ALCOHOL & DRUG",327.37
"765",2020 Q3,"M","DRIVING",127.87
"766",2020 Q3,"M","DRUG POSSESSION ONLY",58.27
"767",2020 Q3,"M","MURDER",729.28
"768",2020 Q3,"M","OTHER",71.63
"769",2020 Q3,"M","PERSON",1167.62
"770",2020 Q3,"M","PROPERTY",654.25
"771",2020 Q3,"M","SEX OFFENSE",2069.13
"772",2020 Q3,"M","WEAPONS",115.48
"773",2020 Q4,"F","ALCOHOL & DRUG",56
"774",2020 Q4,"F","DRIVING",13.15
"775",2020 Q4,"F","DRUG POSSESSION ONLY",13.78
"776",2020 Q4,"F","MURDER",56.73
"777",2020 Q4,"F","OTHER",8.63
"778",2020 Q4,"F","PERSON",84.84
"779",2020 Q4,"F","PROPERTY",99.66
"780",2020 Q4,"F","SEX OFFENSE",34.29
"781",2020 Q4,"F","WEAPONS",2.35
"782",2020 Q4,"M","ALCOHOL & DRUG",339.31
"783",2020 Q4,"M","DRIVING",113.27
"784",2020 Q4,"M","DRUG POSSESSION ONLY",57.55
"785",2020 Q4,"M","MURDER",718.83
"786",2020 Q4,"M","OTHER",66.67
"787",2020 Q4,"M","PERSON",1151.36
"788",2020 Q4,"M","PROPERTY",642.45
"789",2020 Q4,"M","SEX OFFENSE",1994.17
"790",2020 Q4,"M","WEAPONS",112.27
"791",2021 Q1,"F","ALCOHOL & DRUG",54.9
"792",2021 Q1,"F","DRIVING",14.04
"793",2021 Q1,"F","DRUG POSSESSION ONLY",15.61
"794",2021 Q1,"F","MURDER",56.09
"795",2021 Q1,"F","OTHER",10.95
"796",2021 Q1,"F","PERSON",91.77
"797",2021 Q1,"F","PROPERTY",116.71
"798",2021 Q1,"F","SEX OFFENSE",34.17
"799",2021 Q1,"F","WEAPONS",2.76
"800",2021 Q1,"M","ALCOHOL & DRUG",360.17
"801",2021 Q1,"M","DRIVING",109.06
"802",2021 Q1,"M","DRUG POSSESSION ONLY",54.85
"803",2021 Q1,"M","MURDER",708.13
"804",2021 Q1,"M","OTHER",66.62
"805",2021 Q1,"M","PERSON",1151.57
"806",2021 Q1,"M","PROPERTY",659.64
"807",2021 Q1,"M","SEX OFFENSE",1926.9
"808",2021 Q1,"M","WEAPONS",108.21
"809",2021 Q2,"F","ALCOHOL & DRUG",70.59
"810",2021 Q2,"F","DRIVING",16.74
"811",2021 Q2,"F","DRUG POSSESSION ONLY",20.68
"812",2021 Q2,"F","MURDER",57.27
"813",2021 Q2,"F","OTHER",11.34
"814",2021 Q2,"F","PERSON",98.92
"815",2021 Q2,"F","PROPERTY",132.38
"816",2021 Q2,"F","SEX OFFENSE",32.98
"817",2021 Q2,"F","WEAPONS",3.79
"818",2021 Q2,"M","ALCOHOL & DRUG",395.19
"819",2021 Q2,"M","DRIVING",117.35
"820",2021 Q2,"M","DRUG POSSESSION ONLY",51.29
"821",2021 Q2,"M","MURDER",697.68
"822",2021 Q2,"M","OTHER",71.05
"823",2021 Q2,"M","PERSON",1203.38
"824",2021 Q2,"M","PROPERTY",680.08
"825",2021 Q2,"M","SEX OFFENSE",1923.69
"826",2021 Q2,"M","WEAPONS",110.87
"827",2021 Q3,"F","ALCOHOL & DRUG",66.36
"828",2021 Q3,"F","DRIVING",20.01
"829",2021 Q3,"F","DRUG POSSESSION ONLY",17.38
"830",2021 Q3,"F","MURDER",60.58
"831",2021 Q3,"F","OTHER",14.54
"832",2021 Q3,"F","PERSON",101.4
"833",2021 Q3,"F","PROPERTY",145.88
"834",2021 Q3,"F","SEX OFFENSE",34.29
"835",2021 Q3,"F","WEAPONS",2.03
"836",2021 Q3,"M","ALCOHOL & DRUG",424.28
"837",2021 Q3,"M","DRIVING",124.29
"838",2021 Q3,"M","DRUG POSSESSION ONLY",51.74
"839",2021 Q3,"M","MURDER",695.92
"840",2021 Q3,"M","OTHER",82.59
"841",2021 Q3,"M","PERSON",1267.42
"842",2021 Q3,"M","PROPERTY",706.12
"843",2021 Q3,"M","SEX OFFENSE",1941.5
"844",2021 Q3,"M","WEAPONS",114.77
"845",2021 Q4,"F","ALCOHOL & DRUG",65.41
"846",2021 Q4,"F","DRIVING",20.98
"847",2021 Q4,"F","DRUG POSSESSION ONLY",20.08
"848",2021 Q4,"F","MURDER",62.32
"849",2021 Q4,"F","OTHER",20.26
"850",2021 Q4,"F","PERSON",100.89
"851",2021 Q4,"F","PROPERTY",156.3
"852",2021 Q4,"F","SEX OFFENSE",34.53
"853",2021 Q4,"F","WEAPONS",2.42
"854",2021 Q4,"M","ALCOHOL & DRUG",426.7
"855",2021 Q4,"M","DRIVING",126
"856",2021 Q4,"M","DRUG POSSESSION ONLY",47.28
"857",2021 Q4,"M","MURDER",693.56
"858",2021 Q4,"M","OTHER",78.87
"859",2021 Q4,"M","PERSON",1253.25
"860",2021 Q4,"M","PROPERTY",723.61
"861",2021 Q4,"M","SEX OFFENSE",1967.94
"862",2021 Q4,"M","WEAPONS",129.89
"863",2022 Q1,"F","ALCOHOL & DRUG",67.21
"864",2022 Q1,"F","DRIVING",17.57
"865",2022 Q1,"F","DRUG POSSESSION ONLY",20.26
"866",2022 Q1,"F","MURDER",65.57
"867",2022 Q1,"F","OTHER",16.91
"868",2022 Q1,"F","PERSON",99.67
"869",2022 Q1,"F","PROPERTY",135.54
"870",2022 Q1,"F","SEX OFFENSE",34.01
"871",2022 Q1,"F","WEAPONS",3
"872",2022 Q1,"M","ALCOHOL & DRUG",410.66
"873",2022 Q1,"M","DRIVING",131.14
"874",2022 Q1,"M","DRUG POSSESSION ONLY",54.11
"875",2022 Q1,"M","MURDER",694.78
"876",2022 Q1,"M","OTHER",68.31
"877",2022 Q1,"M","PERSON",1255.28
"878",2022 Q1,"M","PROPERTY",702.61
"879",2022 Q1,"M","SEX OFFENSE",1995.67
"880",2022 Q1,"M","WEAPONS",133.95
"881",2022 Q2,"F","ALCOHOL & DRUG",64.96
"882",2022 Q2,"F","DRIVING",15.26
"883",2022 Q2,"F","DRUG POSSESSION ONLY",28.23
"884",2022 Q2,"F","MURDER",63.36
"885",2022 Q2,"F","OTHER",17.28
"886",2022 Q2,"F","PERSON",100.87
"887",2022 Q2,"F","PROPERTY",126.89
"888",2022 Q2,"F","SEX OFFENSE",30.96
"889",2022 Q2,"F","WEAPONS",2.29
"890",2022 Q2,"M","ALCOHOL & DRUG",401.16
"891",2022 Q2,"M","DRIVING",137.04
"892",2022 Q2,"M","DRUG POSSESSION ONLY",61.64
"893",2022 Q2,"M","MURDER",705.01
"894",2022 Q2,"M","OTHER",71.15
"895",2022 Q2,"M","PERSON",1246.32
"896",2022 Q2,"M","PROPERTY",680.31
"897",2022 Q2,"M","SEX OFFENSE",1996.57
"898",2022 Q2,"M","WEAPONS",130.78
"899",2022 Q3,"F","ALCOHOL & DRUG",58.67
"900",2022 Q3,"F","DRIVING",22.04
"901",2022 Q3,"F","DRUG POSSESSION ONLY",28.85
"902",2022 Q3,"F","MURDER",62.11
"903",2022 Q3,"F","OTHER",17.04
"904",2022 Q3,"F","PERSON",102.72
"905",2022 Q3,"F","PROPERTY",130.21
"906",2022 Q3,"F","SEX OFFENSE",29.64
"907",2022 Q3,"F","WEAPONS",2
"908",2022 Q3,"M","ALCOHOL & DRUG",404.19
"909",2022 Q3,"M","DRIVING",143.79
"910",2022 Q3,"M","DRUG POSSESSION ONLY",53.15
"911",2022 Q3,"M","MURDER",714.37
"912",2022 Q3,"M","OTHER",74.28
"913",2022 Q3,"M","PERSON",1274.14
"914",2022 Q3,"M","PROPERTY",670.63
"915",2022 Q3,"M","SEX OFFENSE",2013.52
"916",2022 Q3,"M","WEAPONS",138.05
"917",2022 Q4,"F","ALCOHOL & DRUG",60
"918",2022 Q4,"F","DRIVING",22.95
"919",2022 Q4,"F","DRUG POSSESSION ONLY",19.58
"920",2022 Q4,"F","MURDER",62.65
"921",2022 Q4,"F","OTHER",16.17
"922",2022 Q4,"F","PERSON",103.87
"923",2022 Q4,"F","PROPERTY",130.32
"924",2022 Q4,"F","SEX OFFENSE",26.78
"925",2022 Q4,"F","WEAPONS",1.47
"926",2022 Q4,"M","ALCOHOL & DRUG",409.94
"927",2022 Q4,"M","DRIVING",145.22
"928",2022 Q4,"M","DRUG POSSESSION ONLY",48.03
"929",2022 Q4,"M","MURDER",722.37
"930",2022 Q4,"M","OTHER",85.17
"931",2022 Q4,"M","PERSON",1301.55
"932",2022 Q4,"M","PROPERTY",661.44
"933",2022 Q4,"M","SEX OFFENSE",2034.35
"934",2022 Q4,"M","WEAPONS",136.74
"935",2023 Q1,"F","ALCOHOL & DRUG",65.78
"936",2023 Q1,"F","DRIVING",20.62
"937",2023 Q1,"F","DRUG POSSESSION ONLY",18.04
"938",2023 Q1,"F","MURDER",62.19
"939",2023 Q1,"F","OTHER",16.5
"940",2023 Q1,"F","PERSON",104.74
"941",2023 Q1,"F","PROPERTY",127.32
"942",2023 Q1,"F","SEX OFFENSE",27.69
"943",2023 Q1,"F","WEAPONS",4
"944",2023 Q1,"M","ALCOHOL & DRUG",403.84
"945",2023 Q1,"M","DRIVING",156.45
"946",2023 Q1,"M","DRUG POSSESSION ONLY",43.35
"947",2023 Q1,"M","MURDER",733.38
"948",2023 Q1,"M","OTHER",84.65
"949",2023 Q1,"M","PERSON",1303.66
"950",2023 Q1,"M","PROPERTY",661.49
"951",2023 Q1,"M","SEX OFFENSE",2075.19
"952",2023 Q1,"M","WEAPONS",143
"953",2023 Q2,"F","ALCOHOL & DRUG",63.93
"954",2023 Q2,"F","DRIVING",21.41
"955",2023 Q2,"F","DRUG POSSESSION ONLY",22.27
"956",2023 Q2,"F","MURDER",61.04
"957",2023 Q2,"F","OTHER",13.29
"958",2023 Q2,"F","PERSON",113.94
"959",2023 Q2,"F","PROPERTY",131.9
"960",2023 Q2,"F","SEX OFFENSE",32.32
"961",2023 Q2,"F","WEAPONS",4.49
"962",2023 Q2,"M","ALCOHOL & DRUG",416.48
"963",2023 Q2,"M","DRIVING",162.06
"964",2023 Q2,"M","DRUG POSSESSION ONLY",42.49
"965",2023 Q2,"M","MURDER",735.92
"966",2023 Q2,"M","OTHER",80.86
"967",2023 Q2,"M","PERSON",1304.05
"968",2023 Q2,"M","PROPERTY",644.78
"969",2023 Q2,"M","SEX OFFENSE",2122.02
"970",2023 Q2,"M","WEAPONS",150.77
"971",2023 Q3,"F","ALCOHOL & DRUG",70.27
"972",2023 Q3,"F","DRIVING",25.95
"973",2023 Q3,"F","DRUG POSSESSION ONLY",15.97
"974",2023 Q3,"F","MURDER",62.01
"975",2023 Q3,"F","OTHER",13.35
"976",2023 Q3,"F","PERSON",113.47
"977",2023 Q3,"F","PROPERTY",129.07
"978",2023 Q3,"F","SEX OFFENSE",31.86
"979",2023 Q3,"F","WEAPONS",5.88
"980",2023 Q3,"M","ALCOHOL & DRUG",430.18
"981",2023 Q3,"M","DRIVING",161.64
"982",2023 Q3,"M","DRUG POSSESSION ONLY",46.41
"983",2023 Q3,"M","MURDER",751.25
"984",2023 Q3,"M","OTHER",75.51
"985",2023 Q3,"M","PERSON",1306.3
"986",2023 Q3,"M","PROPERTY",651.61
"987",2023 Q3,"M","SEX OFFENSE",2159.94
"988",2023 Q3,"M","WEAPONS",143.14
"989",2023 Q4,"F","ALCOHOL & DRUG",68.11
"990",2023 Q4,"F","DRIVING",24.71
"991",2023 Q4,"F","DRUG POSSESSION ONLY",19.33
"992",2023 Q4,"F","MURDER",64.49
"993",2023 Q4,"F","OTHER",13.56
"994",2023 Q4,"F","PERSON",117.61
"995",2023 Q4,"F","PROPERTY",129.67
"996",2023 Q4,"F","SEX OFFENSE",32.85
"997",2023 Q4,"F","WEAPONS",5.49
"998",2023 Q4,"M","ALCOHOL & DRUG",435.17
"999",2023 Q4,"M","DRIVING",165.01
"1000",2023 Q4,"M","DRUG POSSESSION ONLY",48.34
"1001",2023 Q4,"M","MURDER",765.95
"1002",2023 Q4,"M","OTHER",85.8
"1003",2023 Q4,"M","PERSON",1356.08
"1004",2023 Q4,"M","PROPERTY",665.93
"1005",2023 Q4,"M","SEX OFFENSE",2190.45
"1006",2023 Q4,"M","WEAPONS",147.94
"1007",2024 Q1,"F","ALCOHOL & DRUG",65.44
"1008",2024 Q1,"F","DRIVING",34.61
"1009",2024 Q1,"F","DRUG POSSESSION ONLY",27.17
"1010",2024 Q1,"F","MURDER",62.92
"1011",2024 Q1,"F","OTHER",12.85
"1012",2024 Q1,"F","PERSON",118.17
"1013",2024 Q1,"F","PROPERTY",131.95
"1014",2024 Q1,"F","SEX OFFENSE",35.62
"1015",2024 Q1,"F","WEAPONS",5
"1016",2024 Q1,"M","ALCOHOL & DRUG",430.6
"1017",2024 Q1,"M","DRIVING",164.54
"1018",2024 Q1,"M","DRUG POSSESSION ONLY",52.86
"1019",2024 Q1,"M","MURDER",775.15
"1020",2024 Q1,"M","OTHER",93.99
"1021",2024 Q1,"M","PERSON",1369.49
"1022",2024 Q1,"M","PROPERTY",695.38
"1023",2024 Q1,"M","SEX OFFENSE",2236.46
"1024",2024 Q1,"M","WEAPONS",167.23
"1025",2024 Q2,"F","ALCOHOL & DRUG",65.13
"1026",2024 Q2,"F","DRIVING",32.29
"1027",2024 Q2,"F","DRUG POSSESSION ONLY",23.18
"1028",2024 Q2,"F","MURDER",65.45
"1029",2024 Q2,"F","OTHER",13.56
"1030",2024 Q2,"F","PERSON",110.07
"1031",2024 Q2,"F","PROPERTY",121.2
"1032",2024 Q2,"F","SEX OFFENSE",36.72
"1033",2024 Q2,"F","WEAPONS",5
"1034",2024 Q2,"M","ALCOHOL & DRUG",409.96
"1035",2024 Q2,"M","DRIVING",163.33
"1036",2024 Q2,"M","DRUG POSSESSION ONLY",55.39
"1037",2024 Q2,"M","MURDER",779.02
"1038",2024 Q2,"M","OTHER",97.09
"1039",2024 Q2,"M","PERSON",1342.9
"1040",2024 Q2,"M","PROPERTY",661.39
"1041",2024 Q2,"M","SEX OFFENSE",2262.19
"1042",2024 Q2,"M","WEAPONS",163.66
"1043",2024 Q3,"F","ALCOHOL & DRUG",62.54
"1044",2024 Q3,"F","DRIVING",30.29
"1045",2024 Q3,"F","DRUG POSSESSION ONLY",20.08
"1046",2024 Q3,"F","MURDER",66.64
"1047",2024 Q3,"F","OTHER",13.85
"1048",2024 Q3,"F","PERSON",102.28
"1049",2024 Q3,"F","PROPERTY",108.36
"1050",2024 Q3,"F","SEX OFFENSE",36.9
"1051",2024 Q3,"F","WEAPONS",3.59
"1052",2024 Q3,"M","ALCOHOL & DRUG",403.27
"1053",2024 Q3,"M","DRIVING",162.64
"1054",2024 Q3,"M","DRUG POSSESSION ONLY",58.23
"1055",2024 Q3,"M","MURDER",790.84
"1056",2024 Q3,"M","OTHER",88.84
"1057",2024 Q3,"M","PERSON",1342.65
"1058",2024 Q3,"M","PROPERTY",645.7
"1059",2024 Q3,"M","SEX OFFENSE",2298.53
"1060",2024 Q3,"M","WEAPONS",157.11
"1061",2024 Q4,"F","ALCOHOL & DRUG",64.11
"1062",2024 Q4,"F","DRIVING",30.7
"1063",2024 Q4,"F","DRUG POSSESSION ONLY",16.87
"1064",2024 Q4,"F","MURDER",65.7
"1065",2024 Q4,"F","OTHER",15.54
"1066",2024 Q4,"F","PERSON",97.56
"1067",2024 Q4,"F","PROPERTY",115.47
"1068",2024 Q4,"F","SEX OFFENSE",35.55
"1069",2024 Q4,"F","WEAPONS",2.07
"1070",2024 Q4,"M","ALCOHOL & DRUG",408.39
"1071",2024 Q4,"M","DRIVING",155.38
"1072",2024 Q4,"M","DRUG POSSESSION ONLY",50.78
"1073",2024 Q4,"M","MURDER",795.24
"1074",2024 Q4,"M","OTHER",93.6
"1075",2024 Q4,"M","PERSON",1311.25
"1076",2024 Q4,"M","PROPERTY",637.32
"1077",2024 Q4,"M","SEX OFFENSE",2315.47
"1078",2024 Q4,"M","WEAPONS",153.97
