"Quarter_Year","Male_Count","Female_Count","Total_Count","Male_Proportion","Female_Proportion","Type"
2010 Q1,6007.08,566.6,6573.68,91.3807791069842,8.61922089301578,"Historical"
2010 Q2,6115.61,544.15,6659.76,91.8292851394044,8.17071486059558,"Historical"
2010 Q3,6160.11,572.06,6732.17,91.5025912892871,8.49740871071289,"Historical"
2010 Q4,6233.28,595.6,6828.88,91.2782183901313,8.72178160986868,"Historical"
2011 Q1,6236.86,603.84,6840.7,91.1728331895859,8.82716681041414,"Historical"
2011 Q2,6235.45,596.58,6832.03,91.2678954864074,8.73210451359259,"Historical"
2011 Q3,6210.42,572.54,6782.96,91.5591423213464,8.44085767865357,"Historical"
2011 Q4,6245.91,581.6,6827.51,91.4815210816242,8.5184789183758,"Historical"
2012 Q1,6264.74,611.39,6876.13,91.1085159821004,8.8914840178996,"Historical"
2012 Q2,6258.11,609.8,6867.91,91.1210251735972,8.87897482640279,"Historical"
2012 Q3,6257.42,621.02,6878.44,90.9714993515972,9.02850064840283,"Historical"
2012 Q4,6319.53,638.8,6958.33,90.8196363207839,9.18036367921613,"Historical"
2013 Q1,6302.74,652.05,6954.79,90.6244473233556,9.37555267664444,"Historical"
2013 Q2,6372.06,685.97,7058.03,90.2809990889809,9.71900091101908,"Historical"
2013 Q3,6461.3,672.57,7133.87,90.572157889056,9.42784211094399,"Historical"
2013 Q4,6464.12,680.42,7144.54,90.4763637686961,9.5236362313039,"Historical"
2014 Q1,6387.67,650.3,7037.97,90.7601197504394,9.2398802495606,"Historical"
2014 Q2,6392.3,639.34,7031.64,90.9076687657502,9.09233123424976,"Historical"
2014 Q3,6372.72,634.86,7007.58,90.9403817009581,9.0596182990419,"Historical"
2014 Q4,6361.6,648.63,7010.23,90.7473791872735,9.25262081272654,"Historical"
2015 Q1,6238.84,626.82,6865.66,90.8702149538427,9.12978504615725,"Historical"
2015 Q2,6196.68,582.07,6778.75,91.4133136640236,8.5866863359764,"Historical"
2015 Q3,6156.11,564.43,6720.54,91.6014189335976,8.3985810664024,"Historical"
2015 Q4,6050.26,532.24,6582.5,91.9143182681352,8.08568173186479,"Historical"
2016 Q1,5928.99,496.86,6425.85,92.2677933658582,7.73220663414179,"Historical"
2016 Q2,5862.84,473.6,6336.44,92.5257715688936,7.47422843110643,"Historical"
2016 Q3,5816.78,436.98,6253.76,93.0125236657627,6.98747633423732,"Historical"
2016 Q4,5814.22,423.04,6237.26,93.2175346225747,6.78246537742534,"Historical"
2017 Q1,5789.59,418.01,6207.6,93.2661576132483,6.73384238675172,"Historical"
2017 Q2,5870.09,447.24,6317.33,92.9204268258901,7.07957317410995,"Historical"
2017 Q3,5874.68,470.76,6345.44,92.5811291257974,7.41887087420258,"Historical"
2017 Q4,5894.61,473.57,6368.18,92.5634953785854,7.43650462141459,"Historical"
2018 Q1,5966.01,494.39,6460.4,92.3473778713392,7.65262212866076,"Historical"
2018 Q2,5928.58,543.65,6472.23,91.6002676048286,8.39973239517137,"Historical"
2018 Q3,6020.48,558.51,6578.99,91.5107030106445,8.48929698935551,"Historical"
2018 Q4,6058.54,574.65,6633.19,91.3367474774581,8.66325252254194,"Historical"
2019 Q1,6123.84,583.5,6707.34,91.3005751907612,8.69942480923884,"Historical"
2019 Q2,6184.26,595.86,6780.12,91.21165997062,8.78834002938001,"Historical"
2019 Q3,6191.7,602.19,6793.89,91.1363004111047,8.86369958889532,"Historical"
2019 Q4,6185.23,592.72,6777.95,91.255173024292,8.744826975708,"Historical"
2020 Q1,6073.31,561.21,6634.52,91.5410609961233,8.45893900387669,"Historical"
2020 Q2,5559.15,447.93,6007.08,92.5432989072894,7.4567010927106,"Historical"
2020 Q3,5320.9,377.18,5698.08,93.3805773172718,6.61942268272822,"Historical"
2020 Q4,5195.88,369.43,5565.31,93.3619151493807,6.63808485061928,"Historical"
2021 Q1,5145.15,397,5542.15,92.8367149932788,7.16328500672122,"Historical"
2021 Q2,5250.58,444.69,5695.27,92.1919417341057,7.80805826589433,"Historical"
2021 Q3,5408.63,462.47,5871.1,92.1229411864898,7.87705881351024,"Historical"
2021 Q4,5447.1,483.19,5930.29,91.852169118205,8.14783088179499,"Historical"
2022 Q1,5446.51,459.74,5906.25,92.2160423280423,7.78395767195767,"Historical"
2022 Q2,5429.98,450.1,5880.08,92.3453422402416,7.65465775975837,"Historical"
2022 Q3,5486.12,453.28,5939.4,92.3682526854564,7.63174731454356,"Historical"
2022 Q4,5544.81,443.79,5988.6,92.5894198978058,7.41058010219417,"Historical"
2023 Q1,5605.01,446.88,6051.89,92.6158604997778,7.38413950022224,"Historical"
2023 Q2,5659.43,464.59,6124.02,92.4136433257893,7.58635667421073,"Historical"
2023 Q3,5725.98,467.83,6193.81,92.4468138351031,7.55318616489689,"Historical"
2023 Q4,5860.67,475.82,6336.49,92.4907953772514,7.50920462274856,"Historical"
2024 Q1,5985.7,493.73,6479.43,92.380039602249,7.61996039775104,"Historical"
2024 Q2,5934.93,472.6,6407.53,92.6243029685386,7.37569703146142,"Historical"
2024 Q3,5947.81,444.53,6392.34,93.0458955562439,6.95410444375612,"Historical"
2024 Q4,5921.4,443.57,6364.97,93.0310747733296,6.96892522667035,"Historical"
2025 Q1,5946.98055238613,449.079386162018,6396.05993854814,92.9788121050042,7.0211878949958,"Projected"
2025 Q2,5971.9851514552,452.325143054249,6424.31029450945,92.959164138743,7.04083586125703,"Projected"
2025 Q3,5997.04883711834,455.570899946479,6452.61973706482,92.9397528676669,7.06024713233311,"Projected"
2025 Q4,6022.17172685472,458.81665683871,6480.98838369343,92.9205758493084,7.0794241506916,"Projected"
2026 Q1,6047.35393835816,462.06241373094,6509.4163520891,92.9016306725772,7.09836932742285,"Projected"
2026 Q2,6072.59558953747,465.308170623171,6537.90376016064,92.8829149572594,7.11708504274064,"Projected"
2026 Q3,6097.89679851684,468.553927515401,6566.45072603224,92.8644263535269,7.13557364647315,"Projected"
2026 Q4,6123.2576836362,471.799684407632,6595.05736804384,92.8461625414553,7.1538374585447,"Projected"
2027 Q1,6148.67836345164,475.045441299862,6623.7238047515,92.8281212305518,7.17187876944825,"Projected"
2027 Q2,6174.1589567357,478.291198192093,6652.45015492779,92.8103001592909,7.18969984070906,"Projected"
2027 Q3,6199.69958247784,481.536955084324,6681.23653756216,92.7926970946605,7.20730290533953,"Projected"
2027 Q4,6225.30035988475,484.782711976554,6710.0830718613,92.7753098317145,7.22469016828552,"Projected"
2028 Q1,6250.96140838076,488.028468868785,6738.98987724955,92.7581361931357,7.24186380686432,"Projected"
2028 Q2,6276.68284760821,491.274225761015,6767.95707336922,92.7411740288056,7.25882597119443,"Projected"
2028 Q3,6302.46479742782,494.519982653246,6796.98478008106,92.7244212153827,7.27557878461732,"Projected"
2028 Q4,6328.30737791908,497.765739545476,6826.07311746456,92.7078756558886,7.29212434411139,"Projected"
2029 Q1,6354.21070938063,501.011496437707,6855.22220581834,92.6915352793017,7.30846472069827,"Projected"
2029 Q2,6380.17491233063,504.257253329938,6884.43216566057,92.6753980401584,7.32460195984158,"Projected"
2029 Q3,6406.20010750715,507.503010222168,6913.70311772931,92.6594619181616,7.34053808183839,"Projected"
2029 Q4,6432.28641586855,510.748767114399,6943.03518298295,92.6437249177965,7.35627508220353,"Projected"
